{"assets/logo/tv_logo.png":["assets/logo/tv_logo.png"],"packages/cupertino_icons/assets/CupertinoIcons.ttf":["packages/cupertino_icons/assets/CupertinoIcons.ttf"],"packages/flutter_inappwebview/assets/t_rex_runner/t-rex.css":["packages/flutter_inappwebview/assets/t_rex_runner/t-rex.css"],"packages/flutter_inappwebview/assets/t_rex_runner/t-rex.html":["packages/flutter_inappwebview/assets/t_rex_runner/t-rex.html"],"packages/flutter_meedu_videoplayer/assets/icons/fast-forward.png":["packages/flutter_meedu_videoplayer/assets/icons/fast-forward.png"],"packages/flutter_meedu_videoplayer/assets/icons/fit.png":["packages/flutter_meedu_videoplayer/assets/icons/fit.png"],"packages/flutter_meedu_videoplayer/assets/icons/fullscreen.png":["packages/flutter_meedu_videoplayer/assets/icons/fullscreen.png"],"packages/flutter_meedu_videoplayer/assets/icons/minimize.png":["packages/flutter_meedu_videoplayer/assets/icons/minimize.png"],"packages/flutter_meedu_videoplayer/assets/icons/mute.png":["packages/flutter_meedu_videoplayer/assets/icons/mute.png"],"packages/flutter_meedu_videoplayer/assets/icons/pause.png":["packages/flutter_meedu_videoplayer/assets/icons/pause.png"],"packages/flutter_meedu_videoplayer/assets/icons/picture-in-picture.png":["packages/flutter_meedu_videoplayer/assets/icons/picture-in-picture.png"],"packages/flutter_meedu_videoplayer/assets/icons/play.png":["packages/flutter_meedu_videoplayer/assets/icons/play.png"],"packages/flutter_meedu_videoplayer/assets/icons/repeat.png":["packages/flutter_meedu_videoplayer/assets/icons/repeat.png"],"packages/flutter_meedu_videoplayer/assets/icons/rewind.png":["packages/flutter_meedu_videoplayer/assets/icons/rewind.png"],"packages/flutter_meedu_videoplayer/assets/icons/sound.png":["packages/flutter_meedu_videoplayer/assets/icons/sound.png"],"packages/wakelock_web/assets/no_sleep.js":["packages/wakelock_web/assets/no_sleep.js"],"packages/window_manager/images/ic_chrome_close.png":["packages/window_manager/images/ic_chrome_close.png"],"packages/window_manager/images/ic_chrome_maximize.png":["packages/window_manager/images/ic_chrome_maximize.png"],"packages/window_manager/images/ic_chrome_minimize.png":["packages/window_manager/images/ic_chrome_minimize.png"],"packages/window_manager/images/ic_chrome_unmaximize.png":["packages/window_manager/images/ic_chrome_unmaximize.png"]}